typology,stat,time,with_trees_avg,without_trees_avg,with_trees_std,without_trees_std
historisch,mean,morning,34.225673666666665,38.4367865,0.8451614119541113,1.4823263185529365
historisch,mean,afternoon,44.270252,49.42513366666666,1.189278614888706,1.7261046365402835
historisch,mean,evening,27.485428,28.530377166666664,0.8679159019446524,1.323944673354505
tuindorp,mean,morning,37.70484183333333,43.931363833333336,2.2293127473077816,0.5711687929106116
tuindorp,mean,afternoon,47.98440966666667,54.8837375,2.594273817718915,0.4478820188691448
tuindorp,mean,evening,28.844654000000002,31.4530725,1.3978004264855552,2.0678456680953494
vinex,mean,morning,39.04996283333333,45.28961216666667,1.2041338541913715,0.7935417897969647
vinex,mean,afternoon,48.86971533333334,55.37080699999999,1.1508069571396708,0.4265822214631089
vinex,mean,evening,29.271516333333334,32.02767166666667,1.4314861453690246,2.476021616405371
volkswijk,mean,morning,36.13259533333333,41.45667866666666,1.3159389088359192,1.4900341105185029
volkswijk,mean,afternoon,46.35908083333334,52.6359005,1.1988587051272417,1.0264800932631388
volkswijk,mean,evening,27.486059333333333,29.0499495,0.8417906940278364,1.2289517114814157
bloemkool,mean,morning,37.595098666666665,45.75641466666667,1.1188036838301272,0.543780822477097
bloemkool,mean,afternoon,47.02078283333333,55.610063833333335,1.3713904589923922,0.47098178028047744
bloemkool,mean,evening,28.76376216666667,32.258191833333335,1.2553436186466906,2.5589800597642354
stedelijk,mean,morning,33.695209500000004,40.514005749999995,0.22073947546749992,0.908491831776295
stedelijk,mean,afternoon,43.57336599999999,51.81284225,0.14222359864195022,0.7336432922482965
stedelijk,mean,evening,26.494097749999998,27.99673325,0.16992829411328134,0.584570531071244
historisch,median,morning,32.41852483333333,38.203540999999994,1.2793288938709109,2.5415442972307987
historisch,median,afternoon,43.31762116666667,50.4928885,1.4207587443186007,2.370574671897576
historisch,median,evening,26.407451,26.9349635,0.6860456938959674,0.9267331975652437
tuindorp,median,morning,37.866268,45.91984283333333,3.461530161557054,0.8630790069536892
tuindorp,median,afternoon,49.279812,57.190951666666656,4.002964283667043,0.586309282453779
tuindorp,median,evening,27.745311166666667,30.741209,1.0082081418110882,2.5782543932403565
vinex,median,morning,39.586515166666665,47.8903985,1.8093439506674684,0.846852494089201
vinex,median,afternoon,50.6376735,56.955355499999996,1.6289740322967388,0.7486249655975273
vinex,median,evening,28.015372833333334,32.32747766666666,1.146290785388143,3.34845437192354
volkswijk,median,morning,35.483731999999996,42.9769075,1.8620662422144931,2.683645343699927
volkswijk,median,afternoon,46.815000166666664,55.03286216666666,1.7808965050430545,1.6046974481543128
volkswijk,median,evening,26.675837833333333,27.791115833333333,0.6303996432328992,1.3573603103747238
bloemkool,median,morning,37.353033333333336,48.22575683333334,1.9899808125891723,0.35423643557850754
bloemkool,median,afternoon,48.068214833333336,56.995744,2.3890700143500525,0.4996040904256104
bloemkool,median,evening,27.657665833333336,32.977033,1.0123114884465971,2.96051499825581
stedelijk,median,morning,31.38513975,41.08564375,0.1797647146584948,0.8996232150296337
stedelijk,median,afternoon,42.15402225,53.601682000000004,0.21597134589782233,1.130012120201667
stedelijk,median,evening,25.876012749999997,26.51580225,0.1141668413372147,0.22715290628616217
historisch,min,morning,22.998852166666666,23.04983916666667,0.09492325777472359,0.05589985439486086
historisch,min,afternoon,28.69911516666667,28.771713000000002,0.06847768824782778,0.06874007060805269
historisch,min,evening,24.6018005,24.779510166666665,0.4012779236926702,0.42773495870102385
tuindorp,min,morning,23.005907499999996,23.027445,0.0647621341363908,0.054196298179857105
tuindorp,min,afternoon,28.75712266666667,28.781711,0.07413092669774672,0.05070018140401483
tuindorp,min,evening,24.8566735,24.881106833333334,0.38062229862831165,0.38765038878371666
vinex,min,morning,23.022718666666666,23.03694366666667,0.06319776091497852,0.03863041100825488
vinex,min,afternoon,28.754824,28.775398999999997,0.039331628112754806,0.025454665584132636
vinex,min,evening,24.733926,24.878558499999997,0.3937553900847578,0.3934767494740953
volkswijk,min,morning,22.9658,23.0322675,0.056493663981016115,0.040889587088890414
volkswijk,min,afternoon,28.659759166666664,28.746916833333334,0.07433570130540677,0.07275151827808575
volkswijk,min,evening,24.50207966666667,24.679782666666664,0.39779036087952935,0.43833298179975677
bloemkool,min,morning,23.011981666666667,23.053093666666665,0.05947150635276338,0.05406427940393484
bloemkool,min,afternoon,28.699164166666662,28.75825166666667,0.07674824725924786,0.07170580223292101
bloemkool,min,evening,24.664777833333332,24.835838666666664,0.4050158401580939,0.42024194040941115
stedelijk,min,morning,22.952240000000003,23.016382,0.04631147546055286,0.007697230540915586
stedelijk,min,afternoon,28.69735275,28.78980925,0.05117875367360369,0.025660453560228048
stedelijk,min,evening,24.23162025,24.50417225,0.02063661410172075,0.016173467910438326
historisch,max,morning,54.59356400000001,54.75981633333333,0.6601884251975344,0.667610880701225
historisch,max,afternoon,63.95887233333334,64.41798549999999,0.4389536861937343,0.4023620170482039
historisch,max,evening,43.38946216666667,43.499099333333334,2.545630643215659,2.5892675305557495
tuindorp,max,morning,54.457029,55.06640816666667,0.7359658575406867,0.6913803343851819
tuindorp,max,afternoon,63.45632116666667,64.08003066666667,0.5053816745116181,0.4455986862757397
tuindorp,max,evening,42.24931016666667,42.868654666666664,3.1517527803826506,2.7795750192202893
vinex,max,morning,54.77475183333334,55.28430716666667,0.4036907553345334,0.2947671068992714
vinex,max,afternoon,64.16952166666667,64.68551766666666,0.7078806960655625,0.8168664004503217
vinex,max,evening,42.92788683333333,43.17325383333333,2.8578524264043033,2.6409602224218696
volkswijk,max,morning,54.12197166666667,54.943507333333336,1.0520423424858256,0.5517964548663442
volkswijk,max,afternoon,63.581801500000005,64.323279,0.4997659520398516,0.4166507747046678
volkswijk,max,evening,41.120673333333336,42.0974065,2.711713995146955,2.171336142937224
bloemkool,max,morning,54.82631133333334,55.437166,0.7418014614818887,0.6608554489411431
bloemkool,max,afternoon,64.24816316666666,64.8402615,0.5276971297372828,0.2420666578558459
bloemkool,max,evening,43.20914633333334,43.49782533333333,2.7681359324683945,2.7332282525490377
stedelijk,max,morning,54.785635,55.22493,0.44139709108994585,0.29826623972439853
stedelijk,max,afternoon,63.481775,64.44759575,0.5614903535466983,0.7442527720483054
stedelijk,max,evening,40.79131875,41.0959145,0.35353161203054734,0.21180938270765848
historisch,mean,overall,35.327117888888885,38.797432444444446,0.9674519762624899,1.5107918761492416
tuindorp,mean,overall,38.177968500000006,43.42272461111111,2.073795663837417,1.0289654932917018
vinex,mean,overall,39.0637315,44.229363611111104,1.2621423189000225,1.2320485425551482
volkswijk,mean,overall,36.659245166666665,41.04750955555556,1.1188627693303326,1.2484886384210192
bloemkool,mean,overall,37.79321455555556,44.54155677777778,1.2485125871564033,1.1912475541739367
stedelijk,mean,overall,34.587557749999995,40.10786041666666,0.17763045607424385,0.7422352183652786
historisch,median,overall,34.04786566666666,38.54379766666666,1.1287111106951597,1.9462840555645398
tuindorp,median,overall,38.29713038888889,44.6173345,2.8242341956783954,1.3425475608826083
vinex,median,overall,39.41318716666667,45.72441055555555,1.5282029227841167,1.6479772772034227
volkswijk,median,overall,36.32485666666667,41.933628500000005,1.4244541301634823,1.8819010340763214
bloemkool,median,overall,37.69297133333334,46.066177944444455,1.7971207717952742,1.271451841419976
stedelijk,median,overall,33.13839158333334,40.401042666666676,0.16996763396451062,0.7522627471724878
historisch,min,overall,25.433255944444443,25.533687444444443,0.18822628990507384,0.1841249612346458
tuindorp,min,overall,25.539901222222223,25.563420944444445,0.17317178648748308,0.16418228945586286
vinex,min,overall,25.503822888888887,25.56363372222222,0.16542825970416372,0.15252060868882758
volkswijk,min,overall,25.375879611111113,25.486322333333334,0.17620657538865073,0.18399136238891098
bloemkool,min,overall,25.458641222222223,25.54906133333333,0.18041186459003503,0.18200400734875566
stedelijk,min,overall,25.29373766666667,25.43678783333333,0.0393756144119591,0.016510384003860654
historisch,max,overall,53.98063283333334,54.22563372222222,1.2149242515356427,1.2197468094350594
tuindorp,max,overall,53.38755344444445,54.00503116666667,1.4643667708116517,1.305518013293737
vinex,max,overall,53.95738677777778,54.38102622222221,1.3231412926014663,1.2508645765904876
volkswijk,max,overall,52.941482166666674,53.78806427777778,1.4211740965575441,1.0465944575027455
bloemkool,max,overall,54.094540277777774,54.59175094444444,1.345878174562522,1.2120501197820088
stedelijk,max,overall,53.01957625,53.589480083333335,0.45213968555573053,0.4181094648267874
